dataset_code,dataset_name,category_name,license_name,license_note,license_url,page_url,specification_url
C23,海岸線データ,国土（水・土地）,非商用,非商用,https://nlftp.mlit.go.jp/ksj/other/agreement_02.html,https://nlftp.mlit.go.jp/ksj/gml/datalist/KsjTmplt-C23.html,https://nlftp.mlit.go.jp/ksj/gml/product_spec/KS-PS-C23-v3_1.pdf
P23,海岸保全施設データ,国土（水・土地）,非商用,非商用,https://nlftp.mlit.go.jp/ksj/other/agreement_02.html,https://nlftp.mlit.go.jp/ksj/gml/datalist/KsjTmplt-P23.html,https://nlftp.mlit.go.jp/ksj/gml/product_spec/KS-PS-P23-v1_1.pdf
W09,湖沼データ,国土（水・土地）,商用可,商用可,https://nlftp.mlit.go.jp/ksj/other/agreement_02.html,https://nlftp.mlit.go.jp/ksj/gml/datalist/KsjTmplt-W09-2005.html,https://nlftp.mlit.go.jp/ksj/gml/product_spec/KS-PS-W09-v2_2.pdf
W07,流域メッシュデータ,国土（水・土地）,非商用,非商用,https://nlftp.mlit.go.jp/ksj/other/agreement_02.html,https://nlftp.mlit.go.jp/ksj/gml/datalist/KsjTmplt-W07.html,https://nlftp.mlit.go.jp/ksj/gml/product_spec/KS-PS-W07-v2_1.pdf
W01,ダムデータ,国土（水・土地）,非商用,非商用 本データは有償刊行物を使用し作成したものですので商用利用はできません。,https://nlftp.mlit.go.jp/ksj/other/agreement_02.html,https://nlftp.mlit.go.jp/ksj/gml/datalist/KsjTmplt-W01.html,https://nlftp.mlit.go.jp/ksj/gml/product_spec/KS-PS-W01-v3_0.pdf
W05,河川データ,国土（水・土地）,非商用,非商用,https://nlftp.mlit.go.jp/ksj/other/agreement_02.html,https://nlftp.mlit.go.jp/ksj/gml/datalist/KsjTmplt-W05.html,https://nlftp.mlit.go.jp/ksj/gml/product_spec/KS-PS-W05-v3_1.pdf
G04-a,標高・傾斜度3次メッシュデータ,国土（水・土地）,商用可,商用可,https://nlftp.mlit.go.jp/ksj/other/agreement_02.html,https://nlftp.mlit.go.jp/ksj/gml/datalist/KsjTmplt-G04-a.html,https://nlftp.mlit.go.jp/ksj/gml/product_spec/KS-PS-G04-a-v2_2.pdf
G04-c,標高・傾斜度4次メッシュデータ,国土（水・土地）,商用可,商用可,https://nlftp.mlit.go.jp/ksj/other/agreement_02.html,https://nlftp.mlit.go.jp/ksj/gml/datalist/KsjTmplt-G04-c.html,https://nlftp.mlit.go.jp/ksj/gml/product_spec/KS-PS-G04-c-v1_0.pdf
G04-d,標高・傾斜度5次メッシュデータ,国土（水・土地）,商用可,商用可,https://nlftp.mlit.go.jp/ksj/other/agreement_02.html,https://nlftp.mlit.go.jp/ksj/gml/datalist/KsjTmplt-G04-d.html,https://nlftp.mlit.go.jp/ksj/gml/product_spec/KS-PS-G04-d-v1_0.pdf
G08,低位地帯データ,国土（水・土地）,商用可,商用可,https://nlftp.mlit.go.jp/ksj/other/agreement_02.html,https://nlftp.mlit.go.jp/ksj/gml/datalist/KsjTmplt-G08-2015.html,https://nlftp.mlit.go.jp/ksj/gml/product_spec/KS-PS-G08-v1_0.pdf
A54,大規模盛土造成地データ,国土（水・土地）,CC_BY_4.0,オープンデータ（CC_BY_4.0） 【重要：データ利用時の注意事項】 ・安全性の確認が必要な盛土造成地を示したものであり、直ちに危険性のある盛土造成地を示したものではありません。最新の情報は各自治体にご確認ください。 ・データの利用にあたっては、国土数値情報ダウンロードサイトコンテンツ利用規約を必ずご確認ください。 https://nlftp.mlit.go.jp/ksj/other/agreement_01.html ・データ欠損、誤り等を発見した場合は、断り無く修正することがあります。 ・本データは宅地建物取引業法に基づく重要事項説明等の根拠には利用できません。 ・本データの利用により損失・損害が発生した場合、国土交通省並びに原典資料提供元の各市町村は一切の責任を負いません。,https://nlftp.mlit.go.jp/ksj/other/agreement_01.html,https://nlftp.mlit.go.jp/ksj/gml/datalist/KsjTmplt-A54-2023.html,https://nlftp.mlit.go.jp/ksj/gml/product_spec/KS-PS-A54-v1_0.pdf
L03-a,土地利用3次メッシュデータ,国土（水・土地）,CC_BY_4.0,オープンデータ（CC_BY_4.0）,https://nlftp.mlit.go.jp/ksj/other/agreement_01.html,https://nlftp.mlit.go.jp/ksj/gml/datalist/KsjTmplt-L03-a-2021.html,https://nlftp.mlit.go.jp/ksj/gml/product_spec/KS-PS-L03-a-v3_1.pdf
L03-b,土地利用細分メッシュデータ,国土（水・土地）,CC_BY_4.0,オープンデータ（CC_BY_4.0）,https://nlftp.mlit.go.jp/ksj/other/agreement_01.html,https://nlftp.mlit.go.jp/ksj/gml/datalist/KsjTmplt-L03-b-2021.html,https://nlftp.mlit.go.jp/ksj/gml/product_spec/KS-PS-L03-b-v3_1.pdf
L03-b_r,土地利用細分メッシュ（ラスタ版）データ,国土（水・土地）,商用可,商用可,https://nlftp.mlit.go.jp/ksj/other/agreement_02.html,https://nlftp.mlit.go.jp/ksj/gml/datalist/KsjTmplt-L03-b_r.html,
L03-b-u,都市地域土地利用細分メッシュデータ,国土（水・土地）,CC_BY_4.0,オープンデータ（CC_BY_4.0）,https://nlftp.mlit.go.jp/ksj/other/agreement_01.html,https://nlftp.mlit.go.jp/ksj/gml/datalist/KsjTmplt-L03-b-u-2021.html,https://nlftp.mlit.go.jp/ksj/gml/product_spec/KS-PS-L03-b-u-v3_1.pdf
L03-b-c,土地利用詳細メッシュデータ,国土（水・土地）,CC_BY_4.0,オープンデータ（CC_BY_4.0）,https://nlftp.mlit.go.jp/ksj/other/agreement_01.html,https://nlftp.mlit.go.jp/ksj/gml/datalist/KsjTmplt-L03-b-c-2021.html,https://nlftp.mlit.go.jp/ksj/gml/product_spec/KS-PS-L03-b-c-v3_1.pdf
A13,森林地域データ,国土（水・土地）,CC_BY_4.0（一部制限）,オープンデータ（CC_BY_4.0（一部制限）） 【重要：データ利用時の注意事項】 岡山県のみ非商用,https://nlftp.mlit.go.jp/ksj/other/agreement_01.html,https://nlftp.mlit.go.jp/ksj/gml/datalist/KsjTmplt-A13-2015.html,https://nlftp.mlit.go.jp/ksj/gml/product_spec/KS-PS-A13-v3_2.pdf
A45,国有林野データ,国土（水・土地）,CC_BY_4.0,オープンデータ（CC_BY_4.0）,https://nlftp.mlit.go.jp/ksj/other/agreement_01.html,https://nlftp.mlit.go.jp/ksj/gml/datalist/KsjTmplt-A45-2024.html,https://nlftp.mlit.go.jp/ksj/gml/product_spec/KS-PS-A45-v2_0.pdf
A12,農業地域データ,国土（水・土地）,CC_BY_4.0（一部制限）,オープンデータ（CC_BY_4.0（一部制限）） 【重要：データ利用時の注意事項】 岡山県のみ非商用,https://nlftp.mlit.go.jp/ksj/other/agreement_01.html,https://nlftp.mlit.go.jp/ksj/gml/datalist/KsjTmplt-A12.html,https://nlftp.mlit.go.jp/ksj/gml/product_spec/KS-PS-A12-v3_2.pdf
L01,地価公示データ,国土（水・土地）,CC_BY_4.0,2019年（平成31年）以降：オープンデータ（CC_BY_4.0） 上記以外：商用可,https://nlftp.mlit.go.jp/ksj/other/agreement_01.html,https://nlftp.mlit.go.jp/ksj/gml/datalist/KsjTmplt-L01-2026.html,https://nlftp.mlit.go.jp/ksj/gml/product_spec/KS-PS-L01-v4_0.pdf
L02,都道府県地価調査データ,国土（水・土地）,CC_BY_4.0,2018年（平成30年）以降：オープンデータ（CC_BY_4.0） 上記以外：商用可,https://nlftp.mlit.go.jp/ksj/other/agreement_01.html,https://nlftp.mlit.go.jp/ksj/gml/datalist/KsjTmplt-L02-2026.html,https://nlftp.mlit.go.jp/ksj/gml/product_spec/KS-PS-L02-v5_0.pdf
N03,行政区域データ,政策区域,CC_BY_4.0,オープンデータ（CC_BY_4.0）,https://nlftp.mlit.go.jp/ksj/other/agreement_01.html,https://nlftp.mlit.go.jp/ksj/gml/datalist/KsjTmplt-N03-2026.html,https://nlftp.mlit.go.jp/ksj/gml/product_spec/KS-PS-N03-v4_1.pdf
A16,人口集中地区データ,政策区域,商用可,1995年（平成7年）以降：商用可 上記以外：非商用,https://nlftp.mlit.go.jp/ksj/other/agreement_02.html,https://nlftp.mlit.go.jp/ksj/gml/datalist/KsjTmplt-A16-2020.html,https://nlftp.mlit.go.jp/ksj/gml/product_spec/KS-PS-A16-v2_4.pdf
A32,中学校区データ,政策区域,CC_BY_4.0（一部制限）,オープンデータ（CC_BY_4.0（一部制限）） 【重要：データ利用時の注意事項】 ・本データの利用条件は地方公共団体ごとに異なっておりますので、各市区町村の定めるデータ公開に関する利用条件を必ず確認してください。 ・本データは地方公共団体より提供された資料をもとに作成されており、原典に起因するデータの欠損やエラー等を含む場合があります。 ・学校区は順次見直しが行われており、最新の指定状況が反映されていない場合があります。 ・一部の市区町村については、資料の収集不可等のため、通学区域の範囲データを作成していません。 ・本データは学校区のおおよその位置を示すものであり、空間的な誤差等を含みます。よって、本データは十分な精度や正確性をもったものではなく、利用にあたっては公式な資料としては扱えないなど、注意が必要です。区域の詳細については、各地方公共団体に必ず確認してください。 ・本データの利用により生じた損失・損害については、利用者がその全ての責任を負うものとし、国土交通省及び原典資料の提供者である地方公共団体は一切の責任を負いません。,https://nlftp.mlit.go.jp/ksj/other/agreement_01.html,https://nlftp.mlit.go.jp/ksj/gml/datalist/KsjTmplt-A32-2023.html,https://nlftp.mlit.go.jp/ksj/gml/product_spec/KS-PS-A32-v3_1.pdf
A27,小学校区データ,政策区域,CC_BY_4.0（一部制限）,オープンデータ（CC_BY_4.0（一部制限）） 【重要：データ利用時の注意事項】 ・本データの利用条件は地方公共団体ごとに異なっておりますので、各市区町村の定めるデータ公開に関する利用条件を必ず確認してください。 ・本データは地方公共団体より提供された資料をもとに作成されており、原典に起因するデータの欠損やエラー等を含む場合があります。 ・学校区は順次見直しが行われており、最新の指定状況が反映されていない場合があります。 ・一部の市区町村については、資料の収集不可等のため、通学区域の範囲データを作成していません。 ・本データは学校区のおおよその位置を示すものであり、空間的な誤差等を含みます。よって、本データは十分な精度や正確性をもったものではなく、利用にあたっては公式な資料としては扱えないなど、注意が必要です。区域の詳細については、各地方公共団体に必ず確認してください。 ・本データの利用により生じた損失・損害については、利用者がその全ての責任を負うものとし、国土交通省及び原典資料の提供者である地方公共団体は一切の責任を負いません。,https://nlftp.mlit.go.jp/ksj/other/agreement_01.html,https://nlftp.mlit.go.jp/ksj/gml/datalist/KsjTmplt-A27-2023.html,https://nlftp.mlit.go.jp/ksj/gml/product_spec/KS-PS-A27-v3_1.pdf
A38,医療圏データ,政策区域,CC_BY_4.0,オープンデータ（CC_BY_4.0）,https://nlftp.mlit.go.jp/ksj/other/agreement_01.html,https://nlftp.mlit.go.jp/ksj/gml/datalist/KsjTmplt-A38-2020.html,https://nlftp.mlit.go.jp/ksj/gml/product_spec/KS-PS-A38-v2_0.pdf
A35a,景観計画区域データ,政策区域,非商用,非商用,https://nlftp.mlit.go.jp/ksj/other/agreement_02.html,https://nlftp.mlit.go.jp/ksj/gml/datalist/KsjTmplt-A35a.html,https://nlftp.mlit.go.jp/ksj/gml/product_spec/KS-PS-A35a-v1_1.pdf
A35b,景観地区・準景観地区データ,政策区域,非商用,非商用,https://nlftp.mlit.go.jp/ksj/other/agreement_02.html,https://nlftp.mlit.go.jp/ksj/gml/datalist/KsjTmplt-A35b.html,https://nlftp.mlit.go.jp/ksj/gml/product_spec/KS-PS-A35b-v1_1.pdf
A35c,景観重要建造物・樹木データ,政策区域,非商用,非商用,https://nlftp.mlit.go.jp/ksj/other/agreement_02.html,https://nlftp.mlit.go.jp/ksj/gml/datalist/KsjTmplt-A35c.html,https://nlftp.mlit.go.jp/ksj/gml/product_spec/KS-PS-A35c-v1_1.pdf
A43,伝統的建造物群保存地区データ,政策区域,CC_BY_4.0,オープンデータ（CC_BY_4.0）,https://nlftp.mlit.go.jp/ksj/other/agreement_01.html,https://nlftp.mlit.go.jp/ksj/gml/datalist/KsjTmplt-A43.html,https://nlftp.mlit.go.jp/ksj/gml/product_spec/KS-PS-A43-v1_0.pdf
A44,歴史的風致維持向上計画の重点地区データ,政策区域,CC_BY_4.0,オープンデータ（CC_BY_4.0）,https://nlftp.mlit.go.jp/ksj/other/agreement_01.html,https://nlftp.mlit.go.jp/ksj/gml/datalist/KsjTmplt-A44.html,https://nlftp.mlit.go.jp/ksj/gml/product_spec/KS-PS-A44-v1_0.pdf
A56,宅地造成等工事規制区域・特定盛土等規制区域データ,政策区域,CC_BY_4.0,オープンデータ（CC_BY_4.0） 2025年度版のデータ整備状況は、データ整備を実施した市区町村の一覧をご確認ください。 本データの利用にあたっては国土数値情報ダウンロードサイトコンテンツ利用規約のほか、以下のデータ利用時の注意事項を必ず確認してください。 【重要：データ利用時の注意事項】 ・本データは概略的な位置を示すものであり、法的図書ではありません。そのため、宅地建物取引業法に基づく重要事項説明等の根拠への利用ならびに申請資料や根拠を示す必要がある資料への利用はできません。 ・厳密な区域の位置を確認する必要がある場合は、本データの範囲外であっても、必ず宅地造成等工事規制区域及び特定盛土等規制区域の指定を所管する管理者（各都道府県・指定都市・中核市の盛土規制法担当課等）が保有する資料を確認してください。 ・データの欠損、誤り等を発見した場合は、断り無く修正することがあります。 ・本データの利用により損失・損害が発生した場合、国土交通省並びに原典資料提供元の各都道府県・指定都市・中核市は一切の責任を負いません。 ・規制区域を改変するようなデータの加工・編集・再配布等は固く禁じます。,https://nlftp.mlit.go.jp/ksj/other/agreement_01.html,https://nlftp.mlit.go.jp/ksj/gml/datalist/KsjTmplt-A56-2025.html,https://nlftp.mlit.go.jp/ksj/gml/product_spec/KS-PS-A56-v1_1.pdf
A55,都市計画決定情報データ,政策区域,CC_BY_4.0,オープンデータ（CC_BY_4.0） 国土数値情報（都市計画決定情報）のデータの利用に当たっては、国土数値情報の利用規約のほか、以下のデータ利用時の注意事項を必ず確認してください。 【重要：データ利用時の注意事項】 ・本データは、建築確認申請や不動産重要事項説明等の手続に用いることを保証するものではなく、参考情報としての利用を想定しています。 ・本データに含まれる地区・地域の範囲は、概ねの位置を示すものであり、実際の都市計画の決定範囲等と異なる場合があります。 ・本データは、当該自治体の都市計画等の情報全てではないことがあります。 ・本データは、最新の情報ではないことがあります。本データの時点については、公表自治体及び掲載データ一覧を参考にしてください。 ・最新の正確な都市計画決定情報が必要な場合は、該当する地方公共団体の担当課までお問い合わせください。 ・本データを用いて行う一切の行為（コンテンツを編集・加工等した情報を利用することを含む）及び本データの利用によって発生した直接または間接の損失、損害等について、国土交通省並びに原典資料提供元の地方公共団体は一切の責任を負いません。,https://nlftp.mlit.go.jp/ksj/other/agreement_01.html,https://nlftp.mlit.go.jp/ksj/gml/datalist/KsjTmplt-A55-2024.html,https://nlftp.mlit.go.jp/ksj/gml/product_spec/KS-PS-A55-v2_0.pdf
A09,都市地域データ,政策区域,CC_BY_4.0,2018年度（平成30年度）：オープンデータ（CC_BY_4.0） 上記以外：非商用,https://nlftp.mlit.go.jp/ksj/other/agreement_01.html,https://nlftp.mlit.go.jp/ksj/gml/datalist/KsjTmplt-A09.html,https://nlftp.mlit.go.jp/ksj/gml/product_spec/KS-PS-A09-v4_0.pdf
A29,用途地域データ,政策区域,CC_BY_4.0（一部制限）,2019年度（令和元年度）：オープンデータ（CC_BY_4.0（一部制限）） 【重要：データ利用時の注意事項】 国土数値情報（用途地域）データの利用にあたっては、国土数値情報ダウンロードサイトコンテンツ利用規約 （政府標準利用規約準拠版）のほか、各市区町村で定められた利用条件を必ず遵守するようにしてください。各市区町村のデータの利用条件について（pdfファイル） ※データを利用される方は必ずダウンロードし、内容についてご承諾ください。 2011年度（平成23年度）：非商用,https://nlftp.mlit.go.jp/ksj/other/agreement_01.html,https://nlftp.mlit.go.jp/ksj/gml/datalist/KsjTmplt-A29-2019.html,https://nlftp.mlit.go.jp/ksj/gml/product_spec/KS-PS-A29-v2_1.pdf
A50,立地適正化計画区域データ,政策区域,CC_BY_4.0（一部制限）,オープンデータ（CC_B.Y_4.0（一部制限）） 【重要：データ利用時の注意事項】 利用規約とは異なる利用条件が付されたデータがありますので、＜利用制限＞を必ず確認してください。 一部の区域は作成されていないので、自治体に確認してください。 各区域のデータは、形状や座標を正確に表すものではないので、詳細は自治体に確認してください。 最新の情報でない場合があるので、自治体に確認してください。 ＜利用制限＞ 市町村ごとの利用条件,https://nlftp.mlit.go.jp/ksj/other/agreement_01.html,https://nlftp.mlit.go.jp/ksj/gml/datalist/KsjTmplt-A50-2020.html,https://nlftp.mlit.go.jp/ksj/gml/product_spec/KS-PS-A50-v1_0.pdf
A42,歴史的風土保存区域データ,政策区域,CC_BY_4.0,オープンデータ（CC_BY_4.0）,https://nlftp.mlit.go.jp/ksj/other/agreement_01.html,https://nlftp.mlit.go.jp/ksj/gml/datalist/KsjTmplt-A42.html,https://nlftp.mlit.go.jp/ksj/gml/product_spec/KS-PS-A42-v1_0.pdf
P13,都市公園データ,政策区域,非商用,非商用,https://nlftp.mlit.go.jp/ksj/other/agreement_02.html,https://nlftp.mlit.go.jp/ksj/gml/datalist/KsjTmplt-P13.html,https://nlftp.mlit.go.jp/ksj/gml/product_spec/KS-PS-P13-v1_1.pdf
A03,三大都市圏計画区域データ,政策区域,CC_BY_4.0,オープンデータ（CC_BY_4.0） 国土数値情報（三大都市圏計画区域）のデータの利用に当たっては、国土数値情報の利用規約のほか、以下のデータ利用時の注意事項を必ず確認してください。 【重要：データ利用時の注意事項】 ・本データは、不動産重要事項説明等の手続に用いることを保証するものではなく、参考情報としての利用を想定しています。 ・本データに含まれる地区・地域の範囲は、概ねの位置を示すものであり、特に区域の境界等においては、実際の政策区域等と異なる場合があります。 ・本データは、最新の情報ではないことがあります。 ・本データを用いて行う一切の行為（コンテンツを編集・加工等した情報を利用することを含む）及び本データの利用によって発生した直接または間接の損失、損害等について、国土交通省は一切の責任を負いません。,https://nlftp.mlit.go.jp/ksj/other/agreement_01.html,https://nlftp.mlit.go.jp/ksj/gml/datalist/KsjTmplt-A03-2025.html,https://nlftp.mlit.go.jp/ksj/gml/product_spec/KS-PS-A03-v2_2.pdf
A17,過疎地域データ,政策区域,商用可,商用可,https://nlftp.mlit.go.jp/ksj/other/agreement_02.html,https://nlftp.mlit.go.jp/ksj/gml/datalist/KsjTmplt-A17-2017.html,https://nlftp.mlit.go.jp/ksj/gml/product_spec/KS-PS-A17-v4_0.pdf
A24,振興山村データ,政策区域,商用可,商用可,https://nlftp.mlit.go.jp/ksj/other/agreement_02.html,https://nlftp.mlit.go.jp/ksj/gml/datalist/KsjTmplt-A24-2016.html,https://nlftp.mlit.go.jp/ksj/gml/product_spec/KS-PS-A24-v3_0.pdf
A25,特定農山村地域データ,政策区域,商用可,商用可,https://nlftp.mlit.go.jp/ksj/other/agreement_02.html,https://nlftp.mlit.go.jp/ksj/gml/datalist/KsjTmplt-A25-2016.html,https://nlftp.mlit.go.jp/ksj/gml/product_spec/KS-PS-A25-v3_0.pdf
A19,離島振興対策実施地域データ,政策区域,商用可,商用可,https://nlftp.mlit.go.jp/ksj/other/agreement_02.html,https://nlftp.mlit.go.jp/ksj/gml/datalist/KsjTmplt-A19-2017.html,https://nlftp.mlit.go.jp/ksj/gml/product_spec/KS-PS-A19-v4_0.pdf
A19s,離島振興対策実施地域統計情報,政策区域,非商用,非商用,https://nlftp.mlit.go.jp/ksj/other/agreement_02.html,https://nlftp.mlit.go.jp/ksj/gml/datalist/KsjTmplt-A19s.html,https://nlftp.mlit.go.jp/ksj/gml/product_spec/KS-PS-A19s-v2_1.pdf
A21,小笠原諸島データ,政策区域,非商用,非商用,https://nlftp.mlit.go.jp/ksj/other/agreement_02.html,https://nlftp.mlit.go.jp/ksj/gml/datalist/KsjTmplt-A21.html,https://nlftp.mlit.go.jp/ksj/gml/product_spec/KS-PS-A21-v3_1.pdf
A21s,小笠原諸島統計情報,政策区域,非商用,非商用,https://nlftp.mlit.go.jp/ksj/other/agreement_02.html,https://nlftp.mlit.go.jp/ksj/gml/datalist/KsjTmplt-A21s.html,https://nlftp.mlit.go.jp/ksj/gml/product_spec/KS-PS-A21s-v2_0.pdf
A20,奄美群島データ,政策区域,非商用,非商用,https://nlftp.mlit.go.jp/ksj/other/agreement_02.html,https://nlftp.mlit.go.jp/ksj/gml/datalist/KsjTmplt-A20.html,https://nlftp.mlit.go.jp/ksj/gml/product_spec/KS-PS-A20-v3_1.pdf
A20s,奄美群島統計情報,政策区域,非商用,非商用,https://nlftp.mlit.go.jp/ksj/other/agreement_02.html,https://nlftp.mlit.go.jp/ksj/gml/datalist/KsjTmplt-A20s.html,https://nlftp.mlit.go.jp/ksj/gml/product_spec/KS-PS-A20s-v2_0.pdf
A18,半島振興対策実施地域データ,政策区域,商用可,商用可,https://nlftp.mlit.go.jp/ksj/other/agreement_02.html,https://nlftp.mlit.go.jp/ksj/gml/datalist/KsjTmplt-A18-2016.html,https://nlftp.mlit.go.jp/ksj/gml/product_spec/KS-PS-A18-v4_0.pdf
A18s-a,半島振興対策実施地域統計情報,政策区域,非商用,非商用,https://nlftp.mlit.go.jp/ksj/other/agreement_02.html,https://nlftp.mlit.go.jp/ksj/gml/datalist/KsjTmplt-A18s-a.html,https://nlftp.mlit.go.jp/ksj/gml/product_spec/KS-PS-A18s-a-v2_1.pdf
A37,半島循環道路データ,政策区域,非商用,非商用,https://nlftp.mlit.go.jp/ksj/other/agreement_02.html,https://nlftp.mlit.go.jp/ksj/gml/datalist/KsjTmplt-A37.html,https://nlftp.mlit.go.jp/ksj/gml/product_spec/KS-PS-A37-v1_1.pdf
A22,豪雪地帯データ,政策区域,商用可,商用可,https://nlftp.mlit.go.jp/ksj/other/agreement_02.html,https://nlftp.mlit.go.jp/ksj/gml/datalist/KsjTmplt-A22-2016.html,https://nlftp.mlit.go.jp/ksj/gml/product_spec/KS-PS-A22-v3_0.pdf
A22-m,豪雪地帯（気象データ等）,政策区域,非商用,非商用,https://nlftp.mlit.go.jp/ksj/other/agreement_02.html,https://nlftp.mlit.go.jp/ksj/gml/datalist/KsjTmplt-A22-m.html,https://nlftp.mlit.go.jp/ksj/gml/product_spec/KS-PS-A22-m-v1_1.pdf
A22s,豪雪地帯統計情報,政策区域,非商用,非商用,https://nlftp.mlit.go.jp/ksj/other/agreement_02.html,https://nlftp.mlit.go.jp/ksj/gml/datalist/KsjTmplt-A22s.html,https://nlftp.mlit.go.jp/ksj/gml/product_spec/KS-PS-A22s-v2_0.pdf
A23,特殊土壌地帯データ,政策区域,商用可,商用可,https://nlftp.mlit.go.jp/ksj/other/agreement_02.html,https://nlftp.mlit.go.jp/ksj/gml/datalist/KsjTmplt-A23-2016.html,https://nlftp.mlit.go.jp/ksj/gml/product_spec/KS-PS-A23-v3_0.pdf
A39,密集市街地データ,政策区域,非商用,非商用,https://nlftp.mlit.go.jp/ksj/other/agreement_02.html,https://nlftp.mlit.go.jp/ksj/gml/datalist/KsjTmplt-A39-2015.html,https://nlftp.mlit.go.jp/ksj/gml/product_spec/KS-PS-A39-v1_1.pdf
A31b,洪水浸水想定区域（1次メッシュ単位）データ,政策区域,CC_BY_4.0,オープンデータ（CC_BY_4.0） 国土数値情報ダウンロードサイトコンテンツ利用規約を必ず遵守するようにしてください。 また、その他に記載の留意事項も必ず確認ください。,https://nlftp.mlit.go.jp/ksj/other/agreement_01.html,https://nlftp.mlit.go.jp/ksj/gml/datalist/KsjTmplt-A31b-2025.html,https://nlftp.mlit.go.jp/ksj/gml/product_spec/KS-PS-A31b-v5_0.pdf
P20,避難施設データ,政策区域,非商用,非商用,https://nlftp.mlit.go.jp/ksj/other/agreement_02.html,https://nlftp.mlit.go.jp/ksj/gml/datalist/KsjTmplt-P20.html,https://nlftp.mlit.go.jp/ksj/gml/product_spec/KS-PS-P20-v1_0.pdf
A31a,洪水浸水想定区域データ,政策区域,CC_BY_4.0,国土数値情報ダウンロードサイトコンテンツ利用規約のほか、都道府県毎に定められた利用条件を必ず遵守するようにしてください。また、その他に記載の留意事項も必ず確認ください。 ■2025年度、2024年度、2023年度、2022年度、2021年度（令和7年度、令和6年度、令和5年度、令和4年度、令和3年度） オープンデータ（CC_BY_4.0） ■2020年度、2019年度（令和2年度、令和元年度） ＜オープンデータ（CC_BY_4.0）＞ 北海道開発局、東北地方整備局、関東地方整備局、北陸地方整備局、中部地方整備局、近畿地方整備局、中国地方整備局、四国地方整備局、九州地方整備局 北海道、岩手県、山形県、栃木県、群馬県、神奈川県、山梨県、岐阜県、静岡県、滋賀県、兵庫県、鳥取県、徳島県、鹿児島県 ＜オープンデータ（CC_BY_4.0（一部制限）原則として商用利用化・再配信可）＞ 島根県：利用にあたり、「島根県 オープンデータポータルサイト利用規約」を遵守すること 岡山県：公表している図面との整合を確認した上で使用すること。 ■2012年度（平成24年度） 非商用 ※2012年度（平成24年度）の整備データは関連する法律「水防法（昭和24年法律第193号）」に基づく「浸水想定区域」であり、「水防法等の一部を改正する法律（平成29年法律第31号）」以降の現行の「洪水浸水想定区域」とは体系が異なるためご利用の際はご注意ください。 ※詳細はこちらをご確認ください。,https://nlftp.mlit.go.jp/ksj/other/agreement_01.html,https://nlftp.mlit.go.jp/ksj/gml/datalist/KsjTmplt-A31a-2025.html,https://nlftp.mlit.go.jp/ksj/gml/product_spec/KS-PS-A31a-v4_3.pdf
G02,平年値メッシュデータ,政策区域,非商用,非商用,https://nlftp.mlit.go.jp/ksj/other/agreement_02.html,https://nlftp.mlit.go.jp/ksj/gml/datalist/KsjTmplt-G02-2022.html,https://nlftp.mlit.go.jp/ksj/gml/product_spec/KS-PS-G02-v3_0.pdf
A30b,竜巻等の突風データ,政策区域,非商用,非商用,https://nlftp.mlit.go.jp/ksj/other/agreement_02.html,https://nlftp.mlit.go.jp/ksj/gml/datalist/KsjTmplt-A30b.html,https://nlftp.mlit.go.jp/ksj/gml/product_spec/KS-PS-A30b-v1_1.pdf
A30a5,土砂災害・雪崩メッシュデータ,政策区域,商用可,商用可,https://nlftp.mlit.go.jp/ksj/other/agreement_02.html,https://nlftp.mlit.go.jp/ksj/gml/datalist/KsjTmplt-A30a5.html,https://nlftp.mlit.go.jp/ksj/gml/product_spec/KS-PS-A30a5-v1_1_1.pdf
A33,土砂災害警戒区域データ,政策区域,CC_BY_4.0（一部制限）,"オープンデータ（CC_BY_4.0（一部制限）） 【重要：データ利用時の注意事項】 ・本データの利用時には国土数値情報ダウンロードサイトコンテンツ利用規約のほか、都道府県毎に定められた利用条件および国土数値情報（土砂災害警戒区域）各都道府県のデータ時点を必ず確認してください。 ・最新データ以外の過年度作成データの使用許諾条件は、当該年度のデータ詳細ページを確認ください。 ＜オープンデータとしての利用可（商用利用可・再配信可）＞ 北海道、青森県、岩手県、宮城県、秋田県、山形県、福島県、茨城県、栃木県、群馬県、埼玉県、千葉県、東京都、新潟県、富山県、石川県、福井県、山梨県、長野県、岐阜県、静岡県、愛知県、三重県、滋賀県、大阪府、兵庫県、奈良県、島根県、岡山県、山口県、徳島県、香川県、愛媛県、高知県、福岡県、佐賀県、熊本県、大分県、宮崎県、鹿児島県、沖縄県 ＜条件付公開＞ ■神奈川県、京都府、和歌山県、広島県、長崎県 （公開の条件は「国土数値情報（土砂災害警戒区域）データの公開条件」を必ず確認してください。） ■鳥取県 （公開の条件は「国土数値情報（土砂災害警戒区域）データの公開条件」を必ず確認してください。 ・本ページで提供する土砂災害警戒区域等の位置は、概略位置を示した参考図であり土砂災害警戒区域等の境界を明示するものではありません。 より正確な情報が必要な場合は、必ず所管機関へお問い合わせください。 ・本データは縮尺1/25,000～1/50,000相当の精度で作成されており、概略的な位置を示すものです。法的図書ではありません。 そのため、宅地建物取引業法に基づく重要事項説明等の根拠への利用ならびに申請資料や根拠を示す必要がある資料への利用はできません。 ・本データは、都道府県内のすべての土砂災害警戒区域等を網羅しているわけではありません。 そのため、厳密な位置を確認する必要がある場合は、本データの範囲外であっても 必ず土砂災害警戒区域等を指定した 管理者（各都道府県の所管課や土木事務所等）が保有する資料を確認してください。 ・データ欠損、誤り等を発見した場合は、断り無く修正することがあります。 ・土砂災害警戒区域等の指定や解除は随時行われますが、その情報が国土数値情報に直ちに反映されるものではありません。 ・一部の区域では土砂災害警戒区域の指定のみ先行して行っており、土砂災害特別警戒区域については今後指定される可能性があります。 当該土砂災害警戒区域については、属性情報の「特別警戒未指定フラグ」をご参照下さい。 ・本データの利用により損失・損害が発生した場合、国土交通省並びに原典資料提供元の各都道府県は一切の責任を負いません。",https://nlftp.mlit.go.jp/ksj/other/agreement_01.html,https://nlftp.mlit.go.jp/ksj/gml/datalist/KsjTmplt-A33-2025.html,https://nlftp.mlit.go.jp/ksj/gml/product_spec/KS-PS-A33-v2_2.pdf
A46,地すべり防止区域データ,政策区域,CC_BY_4.0（一部制限）,"オープンデータ（CC_BY_4.0（一部制限）） 【重要：データ利用時の注意事項】 国土数値情報（地すべり防止区域）データの利用にあたっては、国土情報利用約款のほか、各都道府県で定められた利用条件（成果物への特記事項の明記を条件とするものも含む）を必ず遵守するようにしてください。 ※各都道府県のデータの利用条件について（Excelファイル） ※データを利用される方は必ずダウンロードし、内容についてご承諾ください。 ・データの利用にあたっては国土数値情報ダウンロードサイトコンテンツ利用規約を必ずご確認ください。 ・本データは縮尺1/25,000相当の精度で作成されており、おおよその位置を示すものです。 このため、厳密な位置については、別途、地すべり防止区域の管理者（各都道府県）が保有する資料を確認してください。 ・データ欠損、誤り等を発見した場合は、断り無く修正することがあります。 ・地すべり防止区域の指定や廃止は随時行われますが、その情報が国土数値情報に直ちに反映されるものではありません。 ・形状データが未取得であってGISデータが整備されていない地すべり防止区域については、ダウンロードデータ内の「地すべり防止区域形状未取得箇所リスト【図形】.xlsx」にて属性情報のみ掲載しています。 ・地すべり防止区域を示す区域所在地がデータ規定の254バイトを超過する地すべり防止区域については、ダウンロードデータ内の「254バイト超過リスト.xlsx」にて区域所在地の全ての情報を掲載しています。 ・本データは宅地建物取引業法に基づく重要事項説明等の根拠には利用できません。 ・本データは、過年度整備分データと合わせてご利用ください。 ・最新年度のデータと過年度整備分データが重複する箇所は最新年度のデータをご利用ください。 ・本データの利用により損失・損害が発生した場合、国土交通省並びに原典資料提供元の各都道府県は一切の責任を負いません。",https://nlftp.mlit.go.jp/ksj/other/agreement_01.html,https://nlftp.mlit.go.jp/ksj/gml/datalist/KsjTmplt-A46-2021.html,https://nlftp.mlit.go.jp/ksj/gml/product_spec/KS-PS-A46-v1_1_1.pdf
A47,急傾斜地崩壊危険区域データ,政策区域,CC_BY_4.0（一部制限）,"オープンデータ（CC_BY_4.0（一部制限）） 【重要：データ利用時の注意事項】 国土数値情報（急傾斜地崩壊危険区域）データの利用にあたっては、国土情報利用約款のほか、各都道府県で定められた利用条件（成果物への特記事項の明記を条件とするものも含む）を必ず遵守するようにしてください。 ※各都道府県のデータの利用条件について（Excelファイル） ※データを利用される方は必ずダウンロードし、内容についてご承諾ください。 ・データの利用にあたっては国土数値情報ダウンロードサイトコンテンツ利用規約を必ずご確認ください。 ・本データは縮尺1/25,000相当の精度で作成されており、おおよその位置を示すものです。 このため、厳密な位置については、別途、急傾斜地崩壊危険区域を指定した各都道府県の保有する資料を確認してください。 ・データ欠損、誤り等を発見した場合は、断り無く修正することがあります。 ・急傾斜地崩壊危険区域の指定や廃止は随時行われますが、その情報が国土数値情報に直ちに反映されるものではありません。 ・形状データが未取得であってGISデータが整備されていない急傾斜地崩壊危険区域については、ダウンロードデータ内の「急傾斜地崩壊危険区域形状未取得リスト【図形】.xlsx」にて属性情報のみ掲載しています。 ・急傾斜地崩壊危険区域を示す区域所在地がデータ規定の254バイトを超過する急傾斜地崩壊危険区域については、ダウンロードデータ内の「254バイト超過リスト.xlsx」にて区域所在地の全ての情報を掲載しています。 ・本データは宅地建物取引業法に基づく重要事項説明等の根拠には利用できません。 ・本データは、過年度整備分データと合わせてご利用ください。 ・最新年度のデータと過年度整備分データが重複する箇所は最新年度のデータをご利用ください。 ・本データの利用により損失・損害が発生した場合、国土交通省並びに原典資料提供元の各都道府県は一切の責任を負いません。",https://nlftp.mlit.go.jp/ksj/other/agreement_01.html,https://nlftp.mlit.go.jp/ksj/gml/datalist/KsjTmplt-A47-2021.html,https://nlftp.mlit.go.jp/ksj/gml/product_spec/KS-PS-A47-v1_1_1.pdf
A40,津波浸水想定データ,政策区域,CC_BY_4.0（一部制限）,オープンデータ（CC_BY_4.0（一部制限）） 【重要：データ利用時の注意事項】 ・国土数値情報ダウンロードサイトコンテンツ利用規約のほか、都道府県毎に定められた利用条件を必ず遵守するようにしてください。 また、その他に記載の留意事項も必ず確認ください。 ・最新データ以外の過年度作成データの使用許諾条件は、当該年度のデータ詳細ページを確認ください。 ＜オープンデータとして利用可（商用利用可・再配信可）＞ 北海道、青森県、岩手県、秋田県、山形県、福島県、茨城県、東京都、神奈川県、新潟県、富山県、石川県、福井県、岐阜県、静岡県、愛知県、大阪府、兵庫県、和歌山県、鳥取県、岡山県、広島県、山口県、徳島県、愛媛県、高知県、福岡県、佐賀県、熊本県、宮崎県、鹿児島県、沖縄県 ＜条件付公開（原則として商用利用可・再配信可）＞ ■宮城県 利用にあたっては、「宮城県及び市町村共同オープンデータポータルサイト利用規約」を遵守すること ■千葉県 利用にあたり、県のHPにて公開されている「津波浸水想定について（解説）」を確認すること ■三重県 利用にあたり、「三重県オープンデータ利用規約」を遵守すること ■京都府 商用利用希望の場合は、京都府担当課（災害対策課）宛に連絡を行うこと ■島根県 利用にあたり、「島根県 オープンデータポータルサイト利用規約」を遵守すること ■長崎県 商用利用、再配信希望の場合は、事前に長崎県へ連絡すること ■大分県 利用にあたり、「大分県オープンデータ利用規約」を遵守すること ＜国土数値情報としてダウンロード提供不可＞ 香川県,https://nlftp.mlit.go.jp/ksj/other/agreement_01.html,https://nlftp.mlit.go.jp/ksj/gml/datalist/KsjTmplt-A40-2024.html,https://nlftp.mlit.go.jp/ksj/gml/product_spec/KS-PS-A40-v2_2.pdf
A49,高潮浸水想定区域データ,政策区域,CC_BY_4.0（一部制限）,オープンデータ（CC_BY_4.0（一部制限）） 【重要：データ利用時の注意事項】 ・国土数値情報ダウンロードサイトコンテンツ利用規約のほか、都道府県毎に定められた利用条件を必ず遵守するようにしてください。 また、その他に記載の留意事項も必ず確認ください。 ・最新データ以外の過年度作成データの使用許諾条件は、当該年度のデータ詳細ページを確認ください。 ＜オープンデータとして利用可（商用利用可・再配信可）＞ 青森県、東京都、神奈川県、愛知県、三重県、大阪府、兵庫県、山口県、徳島県、香川県、福岡県、佐賀県、大分県、宮崎県 ＜条件付き公開（原則として商用利用可・再配信可）＞ 千葉県：利用にあたり、県の HP にて公開されている「高潮浸水想定区域図について（東京湾沿岸[千葉県区間]）説明資料」を確認すること,https://nlftp.mlit.go.jp/ksj/other/agreement_01.html,https://nlftp.mlit.go.jp/ksj/gml/datalist/KsjTmplt-A49-2024.html,https://nlftp.mlit.go.jp/ksj/gml/product_spec/KS-PS-A49-v1_2.pdf
A48,災害危険区域データ,政策区域,CC_BY_4.0（一部制限）,オープンデータ（CC_BY_4.0（一部制限）） 【重要：データ利用時の注意事項】 国土数値情報（災害危険区域データ）の利用にあたっては、国土数値情報ダウンロードサイトコンテンツ利用規約（政府標準利用規約準拠版）のほか、各地方公共団体で定められた使用条件を必ず遵守してください。 ※各地方公共団体のデータ使用条件について ※データを利用される方は必ず本ファイルをダウンロードし、内容についてご承諾ください。,https://nlftp.mlit.go.jp/ksj/other/agreement_01.html,https://nlftp.mlit.go.jp/ksj/gml/datalist/KsjTmplt-A48-2021.html,https://nlftp.mlit.go.jp/ksj/gml/product_spec/KS-PS-A48-v1_2_1.pdf
A52,砂防指定地データ,政策区域,CC_BY_4.0,"オープンデータ（CC_BY_4.0） ただし、国土数値情報（砂防指定地）データの利用にあたっては、上記利用規約のほか、以下の「データ利用時の注意事項」および各都道府県別のデータ時点を必ず確認してください。 【重要：データ利用時の注意事項】 ・本データは縮尺1/25,000～1/50,000相当の精度で作成されており、概略的な位置を示すもので法定図書ではありません。 そのため、宅地建物取引業法に基づく重要事項説明等の根拠への利用ならびに申請資料や根拠を示す必要がある資料への利用はできません。 ・本データは、都道府県内のすべての砂防指定地を網羅しているわけではありません。 このため、厳密な位置を確認する必要がある場合は、本データの範囲外であっても必ず、砂防指定地を指定した管理者（各都道府県の所管課や土木事務所等）が保有する資料を確認してください。 ・データ欠損、誤り等を発見した場合は、断り無く修正することがあります。 ・砂防指定地の新たな指定や解除は随時行われますが、その情報が国土数値情報に直ちに反映されるものではありません。 ・本データの利用により損失・損害が発生した場合、国土交通省並びに原典資料提供元の各都道府県は一切の責任を負いません。",https://nlftp.mlit.go.jp/ksj/other/agreement_01.html,https://nlftp.mlit.go.jp/ksj/gml/datalist/KsjTmplt-A52-2023.html,https://nlftp.mlit.go.jp/ksj/gml/product_spec/KS-PS-A52-v1_1.pdf
A53,多段階浸水想定データ,政策区域,CC_BY_4.0,オープンデータ（CC_BY_4.0）,https://nlftp.mlit.go.jp/ksj/other/agreement_01.html,https://nlftp.mlit.go.jp/ksj/gml/datalist/KsjTmplt-A53-2025.html,https://nlftp.mlit.go.jp/ksj/gml/product_spec/KS-PS-A53-v1_3_1.pdf
A51,雨水出水（内水）浸水想定区域データ,政策区域,CC_BY_4.0,オープンデータ（CC_BY_4.0）,https://nlftp.mlit.go.jp/ksj/other/agreement_01.html,https://nlftp.mlit.go.jp/ksj/gml/datalist/KsjTmplt-A51-2025.html,https://nlftp.mlit.go.jp/ksj/gml/product_spec/KS-PS-A51-v2_1.pdf
P28,国・都道府県の機関データ,地域,非商用,非商用,https://nlftp.mlit.go.jp/ksj/other/agreement_02.html,https://nlftp.mlit.go.jp/ksj/gml/datalist/KsjTmplt-P28-2022.html,https://nlftp.mlit.go.jp/ksj/gml/product_spec/KS-PS-P28-v2_0.pdf
P05,市町村役場等及び公的集会施設データ,地域,CC_BY_4.0,オープンデータ（CC_BY_4.0）,https://nlftp.mlit.go.jp/ksj/other/agreement_01.html,https://nlftp.mlit.go.jp/ksj/gml/datalist/KsjTmplt-P05-2022.html,https://nlftp.mlit.go.jp/ksj/gml/product_spec/KS-PS-P05-v3_0_1.pdf
P34,市区町村役場データ,地域,非商用,非商用,https://nlftp.mlit.go.jp/ksj/other/agreement_02.html,https://nlftp.mlit.go.jp/ksj/gml/datalist/KsjTmplt-P34.html,https://nlftp.mlit.go.jp/ksj/gml/product_spec/KS-PS-P34-v1_0_1.pdf
P02,公共施設データ,地域,非商用,非商用,https://nlftp.mlit.go.jp/ksj/other/agreement_02.html,https://nlftp.mlit.go.jp/ksj/gml/datalist/KsjTmplt-P02-2006.html,https://nlftp.mlit.go.jp/ksj/gml/product_spec/KS-PS-P02-v4_0.pdf
P18,警察署データ,地域,非商用,非商用,https://nlftp.mlit.go.jp/ksj/other/agreement_02.html,https://nlftp.mlit.go.jp/ksj/gml/datalist/KsjTmplt-P18.html,https://nlftp.mlit.go.jp/ksj/gml/product_spec/KS-PS-P18-v1_1_1.pdf
P17,消防署データ,地域,非商用,非商用 本データは有償刊行物を使用し作成したものですので商用利用はできません。,https://nlftp.mlit.go.jp/ksj/other/agreement_02.html,https://nlftp.mlit.go.jp/ksj/gml/datalist/KsjTmplt-P17.html,https://nlftp.mlit.go.jp/ksj/gml/product_spec/KS-PS-P17-v1_1_1.pdf
P30,郵便局データ,地域,非商用,非商用,https://nlftp.mlit.go.jp/ksj/other/agreement_02.html,https://nlftp.mlit.go.jp/ksj/gml/datalist/KsjTmplt-P30.html,https://nlftp.mlit.go.jp/ksj/gml/product_spec/KS-PS-P30-v1_1.pdf
P04,医療機関データ,地域,CC_BY_4.0,オープンデータ（CC_BY_4.0）,https://nlftp.mlit.go.jp/ksj/other/agreement_01.html,https://nlftp.mlit.go.jp/ksj/gml/datalist/KsjTmplt-P04-2020.html,https://nlftp.mlit.go.jp/ksj/gml/product_spec/KS-PS-P04-v3_0.pdf
P14,福祉施設データ,地域,CC_BY_4.0（一部制限）,＜2023年度（令和5年度）、2021年度（令和3年度）＞ オープンデータ（CC_BY_4.0（一部制限）） 【重要：データ利用時の注意事項】 ・一部、利用規約とは異なる利用条件が付されたデータがありますので、 都道府県、政令指定都市、中核市ごとの利用条件 2023年度（令和5年度）、 都道府県、政令指定都市、中核市ごとの利用条件 2021年度（令和3年度）を必ず確認してください。 ・データが作成されていない施設も存在するので、詳細は各地方公共団体に確認してください。 ・各施設のデータは、形状や座標を正確に表すものではないので、詳細は各地方公共団体に確認してください。 ・最新の情報でない場合があるので、詳細は各地方公共団体に確認してください。 ＜2015年度（平成27年度）、2011年度（平成23年度）＞ 非商用,https://nlftp.mlit.go.jp/ksj/other/agreement_01.html,https://nlftp.mlit.go.jp/ksj/gml/datalist/KsjTmplt-P14-2023.html,https://nlftp.mlit.go.jp/ksj/gml/product_spec/KS-PS-P14-v3_0.pdf
P27,文化施設データ,地域,非商用,非商用,https://nlftp.mlit.go.jp/ksj/other/agreement_02.html,https://nlftp.mlit.go.jp/ksj/gml/datalist/KsjTmplt-P27.html,https://nlftp.mlit.go.jp/ksj/gml/product_spec/KS-PS-P27-v1_1.pdf
P29,学校データ,地域,CC_BY_4.0,2023年度（令和5年度）、2021年度（令和3年度）：オープンデータ（CC_BY_4.0） 2013年度（平成25年度）：非商用,https://nlftp.mlit.go.jp/ksj/other/agreement_01.html,https://nlftp.mlit.go.jp/ksj/gml/datalist/KsjTmplt-P29-2023.html,https://nlftp.mlit.go.jp/ksj/gml/product_spec/KS-PS-P29-v2_1.pdf
P21,上水道関連施設データ,地域,非商用,非商用,https://nlftp.mlit.go.jp/ksj/other/agreement_02.html,https://nlftp.mlit.go.jp/ksj/gml/datalist/KsjTmplt-P21.html,https://nlftp.mlit.go.jp/ksj/gml/product_spec/KS-PS-P21-v1_1.pdf
P22,下水道関連施設データ,地域,非商用,非商用,https://nlftp.mlit.go.jp/ksj/other/agreement_02.html,https://nlftp.mlit.go.jp/ksj/gml/datalist/KsjTmplt-P22.html,https://nlftp.mlit.go.jp/ksj/gml/product_spec/KS-PS-P22-v1_1.pdf
P15,廃棄物処理施設データ,地域,非商用,非商用,https://nlftp.mlit.go.jp/ksj/other/agreement_02.html,https://nlftp.mlit.go.jp/ksj/gml/datalist/KsjTmplt-P15.html,https://nlftp.mlit.go.jp/ksj/gml/product_spec/KS-PS-P15-v1_0_1.pdf
P03,発電施設,地域,非商用,非商用,https://nlftp.mlit.go.jp/ksj/other/agreement_02.html,https://nlftp.mlit.go.jp/ksj/gml/datalist/KsjTmplt-P03.html,https://nlftp.mlit.go.jp/ksj/gml/product_spec/KS-PS-P03-v1_1.pdf
P07,燃料給油所データ,地域,非商用,非商用,https://nlftp.mlit.go.jp/ksj/other/agreement_02.html,https://nlftp.mlit.go.jp/ksj/gml/datalist/KsjTmplt-P07-2016.html,https://nlftp.mlit.go.jp/ksj/gml/product_spec/KS-PS-P07-v2_1.pdf
P26,ニュータウンデータ,地域,非商用,非商用,https://nlftp.mlit.go.jp/ksj/other/agreement_02.html,https://nlftp.mlit.go.jp/ksj/gml/datalist/KsjTmplt-P26.html,https://nlftp.mlit.go.jp/ksj/gml/product_spec/KS-PS-P26-v1_1.pdf
L05,工業用地データ,地域,非商用,非商用,https://nlftp.mlit.go.jp/ksj/other/agreement_02.html,https://nlftp.mlit.go.jp/ksj/gml/datalist/KsjTmplt-L05.html,https://nlftp.mlit.go.jp/ksj/gml/product_spec/KS-PS-L05-v2_1.pdf
P16,研究機関データ,地域,非商用,非商用,https://nlftp.mlit.go.jp/ksj/other/agreement_02.html,https://nlftp.mlit.go.jp/ksj/gml/datalist/KsjTmplt-P16.html,https://nlftp.mlit.go.jp/ksj/gml/product_spec/KS-PS-P16-v1_0.pdf
P24,地場産業関連施設データ,地域,非商用,非商用,https://nlftp.mlit.go.jp/ksj/other/agreement_02.html,https://nlftp.mlit.go.jp/ksj/gml/datalist/KsjTmplt-P24.html,https://nlftp.mlit.go.jp/ksj/gml/product_spec/KS-PS-P24-v1_1_1.pdf
P31,物流拠点,地域,非商用,非商用,https://nlftp.mlit.go.jp/ksj/other/agreement_02.html,https://nlftp.mlit.go.jp/ksj/gml/datalist/KsjTmplt-P31.html,https://nlftp.mlit.go.jp/ksj/gml/product_spec/KS-PS-P31-v1_1.pdf
P33,集客施設データ,地域,非商用,非商用 本データは有償刊行物を使用し作成したものですので商用利用はできません。,https://nlftp.mlit.go.jp/ksj/other/agreement_02.html,https://nlftp.mlit.go.jp/ksj/gml/datalist/KsjTmplt-P33.html,https://nlftp.mlit.go.jp/ksj/gml/product_spec/KS-PS-P33-v1_1.pdf
P35,道の駅データ,地域,非商用,非商用,https://nlftp.mlit.go.jp/ksj/other/agreement_02.html,https://nlftp.mlit.go.jp/ksj/gml/datalist/KsjTmplt-P35.html,https://nlftp.mlit.go.jp/ksj/gml/product_spec/KS-PS-P35-v1_0.pdf
P32,都道府県指定文化財データ,地域,非商用,非商用,https://nlftp.mlit.go.jp/ksj/other/agreement_02.html,https://nlftp.mlit.go.jp/ksj/gml/datalist/KsjTmplt-P32.html,https://nlftp.mlit.go.jp/ksj/gml/product_spec/KS-PS-P32-v1_0.pdf
A34,世界文化遺産データ,地域,非商用,非商用,https://nlftp.mlit.go.jp/ksj/other/agreement_02.html,https://nlftp.mlit.go.jp/ksj/gml/datalist/KsjTmplt-A34-2022.html,https://nlftp.mlit.go.jp/ksj/gml/product_spec/KS-PS-A34-v1_2.pdf
A28,世界自然遺産データ,地域,非商用,非商用,https://nlftp.mlit.go.jp/ksj/other/agreement_02.html,https://nlftp.mlit.go.jp/ksj/gml/datalist/KsjTmplt-A28.html,https://nlftp.mlit.go.jp/ksj/gml/product_spec/KS-PS-A28-v2_1.pdf
P12,観光資源データ,地域,非商用,非商用,https://nlftp.mlit.go.jp/ksj/other/agreement_02.html,https://nlftp.mlit.go.jp/ksj/gml/datalist/KsjTmplt-P12-2014.html,https://nlftp.mlit.go.jp/ksj/gml/product_spec/KS-PS-P12-v2_2.pdf
P09,宿泊容量メッシュデータ,地域,非商用,非商用 本データは有償刊行物を使用し作成したものですので商用利用はできません。,https://nlftp.mlit.go.jp/ksj/other/agreement_02.html,https://nlftp.mlit.go.jp/ksj/gml/datalist/KsjTmplt-P09.html,https://nlftp.mlit.go.jp/ksj/gml/product_spec/KS-PS-P09-v2_0.pdf
P19,地域資源データ,地域,非商用,非商用,https://nlftp.mlit.go.jp/ksj/other/agreement_02.html,https://nlftp.mlit.go.jp/ksj/gml/datalist/KsjTmplt-P19.html,https://nlftp.mlit.go.jp/ksj/gml/product_spec/KS-PS-P19-v1_0.pdf
A10,自然公園地域データ,地域,CC_BY_4.0（一部制限）,オープンデータ（CC_BY_4.0（一部制限）） 【重要：データ利用時の注意事項】 岡山県のみ非商用,https://nlftp.mlit.go.jp/ksj/other/agreement_01.html,https://nlftp.mlit.go.jp/ksj/gml/datalist/KsjTmplt-A10-2015.html,https://nlftp.mlit.go.jp/ksj/gml/product_spec/KS-PS-A10-v4_1.pdf
A11,自然保全地域データ,地域,CC_BY_4.0（一部制限）,オープンデータ（CC_BY_4.0（一部制限）） 【重要：データ利用時の注意事項】 岡山県のみ非商用,https://nlftp.mlit.go.jp/ksj/other/agreement_01.html,https://nlftp.mlit.go.jp/ksj/gml/datalist/KsjTmplt-A11.html,https://nlftp.mlit.go.jp/ksj/gml/product_spec/KS-PS-A11-v3_2.pdf
A15,鳥獣保護区データ,地域,非商用,非商用,https://nlftp.mlit.go.jp/ksj/other/agreement_02.html,https://nlftp.mlit.go.jp/ksj/gml/datalist/KsjTmplt-A15.html,https://nlftp.mlit.go.jp/ksj/gml/product_spec/KS-PS-A15-v2_2.pdf
N13,道路データ,交通,CC_BY_4.0,オープンデータ（CC_BY_4.0）,https://nlftp.mlit.go.jp/ksj/other/agreement_01.html,https://nlftp.mlit.go.jp/ksj/gml/datalist/KsjTmplt-N13-2024.html,https://nlftp.mlit.go.jp/ksj/gml/product_spec/KS-PS-N13-v1_1.pdf
N06,高速道路時系列データ,交通,CC_BY_4.0（一部制限）,オープンデータ（CC_BY_4.0（一部制限）） 【重要：データ利用時の注意事項】 ＜整備年度が2018年度（平成30年度）以降のものをそれぞれの最新年度の現況データとして使用する場合＞ （例：2018年度整備データを2018年度時点の現況データとして使用する場合） オープンデータ（CC_BY_4.0） ＜時系列データとして使用する場合＞ 非商用,https://nlftp.mlit.go.jp/ksj/other/agreement_01.html,https://nlftp.mlit.go.jp/ksj/gml/datalist/KsjTmplt-N06-2025.html,https://nlftp.mlit.go.jp/ksj/gml/product_spec/KS-PS-N06-v2_1_1.pdf
N10,緊急輸送道路,交通,非商用,非商用,https://nlftp.mlit.go.jp/ksj/other/agreement_02.html,https://nlftp.mlit.go.jp/ksj/gml/datalist/KsjTmplt-N10-2024.html,https://nlftp.mlit.go.jp/ksj/gml/product_spec/KS-PS-N10-v3_0.pdf
N12,重要物流道路,交通,非商用,非商用,https://nlftp.mlit.go.jp/ksj/other/agreement_02.html,https://nlftp.mlit.go.jp/ksj/gml/datalist/KsjTmplt-N12-2021.html,https://nlftp.mlit.go.jp/ksj/gml/product_spec/KS-PS-N12-v1_1.pdf
N04,道路密度・道路延長メッシュデータ,交通,非商用,非商用,https://nlftp.mlit.go.jp/ksj/other/agreement_02.html,https://nlftp.mlit.go.jp/ksj/gml/datalist/KsjTmplt-N04.html,https://nlftp.mlit.go.jp/ksj/gml/product_spec/KS-PS-N04-v3_0.pdf
P36,高速バス停留所データ,交通,CC_BY_4.0,オープンデータ（CC_BY_4.0）,https://nlftp.mlit.go.jp/ksj/other/agreement_01.html,https://nlftp.mlit.go.jp/ksj/gml/datalist/KsjTmplt-P36-2023.html,https://nlftp.mlit.go.jp/ksj/gml/product_spec/KS-PS-P36-v1_0_1.pdf
P11,バス停留所データ,交通,CC_BY_4.0,2022年度（令和4年度） オープンデータ（CC_BY_4.0） 2010年度（平成22年度） 非商用,https://nlftp.mlit.go.jp/ksj/other/agreement_01.html,https://nlftp.mlit.go.jp/ksj/gml/datalist/KsjTmplt-P11-2022.html,https://nlftp.mlit.go.jp/ksj/gml/product_spec/KS-PS-P11-v3_0_1.pdf
N07,バスルート,交通,CC_BY_4.0,2022年度（令和4年度） オープンデータ（CC_BY_4.0） 2011年度（平成23年度） 非商用,https://nlftp.mlit.go.jp/ksj/other/agreement_01.html,https://nlftp.mlit.go.jp/ksj/gml/datalist/KsjTmplt-N07-2022.html,https://nlftp.mlit.go.jp/ksj/gml/product_spec/KS-PS-N07-v2_0_1.pdf
N02,鉄道データ,交通,CC_BY_4.0,2020年（令和2年）以降：オープンデータ（CC_BY_4.0） 上記以外：商用可,https://nlftp.mlit.go.jp/ksj/other/agreement_01.html,https://nlftp.mlit.go.jp/ksj/gml/datalist/KsjTmplt-N02-2025.html,https://nlftp.mlit.go.jp/ksj/gml/product_spec/KS-PS-N02-v3_1.pdf
N05,鉄道時系列データ,交通,非商用,非商用 本データは有償刊行物を使用し作成したものですので商用利用はできません。,https://nlftp.mlit.go.jp/ksj/other/agreement_02.html,https://nlftp.mlit.go.jp/ksj/gml/datalist/KsjTmplt-N05-2025.html,https://nlftp.mlit.go.jp/ksj/gml/product_spec/KS-PS-N05-v2_1.pdf
S12,駅別乗降客数データ,交通,CC_BY_4.0,オープンデータ（CC_BY_4.0）,https://nlftp.mlit.go.jp/ksj/other/agreement_01.html,https://nlftp.mlit.go.jp/ksj/gml/datalist/KsjTmplt-S12-2024.html,https://nlftp.mlit.go.jp/ksj/gml/product_spec/KS-PS-S12-v3_3.pdf
S05-c,交通流動量 駅別乗降数データ,交通,非商用,非商用,https://nlftp.mlit.go.jp/ksj/other/agreement_02.html,https://nlftp.mlit.go.jp/ksj/gml/datalist/KsjTmplt-S05-c.html,https://nlftp.mlit.go.jp/ksj/gml/product_spec/KS-PS-S05-v2_1.pdf
C28,空港データ,交通,商用可,商用可,https://nlftp.mlit.go.jp/ksj/other/agreement_02.html,https://nlftp.mlit.go.jp/ksj/gml/datalist/KsjTmplt-C28-2021.html,https://nlftp.mlit.go.jp/ksj/gml/product_spec/KS-PS-C28-v3_0.pdf
N08,空港時系列データ,交通,商用可,商用可,https://nlftp.mlit.go.jp/ksj/other/agreement_02.html,https://nlftp.mlit.go.jp/ksj/gml/datalist/KsjTmplt-N08-2021.html,https://nlftp.mlit.go.jp/ksj/gml/product_spec/KS-PS-N08-v2_0.pdf
S10b,空港間流通量,交通,非商用,非商用,https://nlftp.mlit.go.jp/ksj/other/agreement_02.html,https://nlftp.mlit.go.jp/ksj/gml/datalist/KsjTmplt-S10b-2014.html,https://nlftp.mlit.go.jp/ksj/gml/product_spec/KS-PS-S10b-v1_1.pdf
N11,ヘリポート,交通,非商用,非商用,https://nlftp.mlit.go.jp/ksj/other/agreement_02.html,https://nlftp.mlit.go.jp/ksj/gml/datalist/KsjTmplt-N11.html,https://nlftp.mlit.go.jp/ksj/gml/product_spec/KS-PS-N11-v1_0_1.pdf
C02,港湾データ,交通,非商用,非商用,https://nlftp.mlit.go.jp/ksj/other/agreement_02.html,https://nlftp.mlit.go.jp/ksj/gml/datalist/KsjTmplt-C02-2014.html,https://nlftp.mlit.go.jp/ksj/gml/product_spec/KS-PS-C02-v3_2.pdf
C09,漁港データ,交通,非商用,非商用,https://nlftp.mlit.go.jp/ksj/other/agreement_02.html,https://nlftp.mlit.go.jp/ksj/gml/datalist/KsjTmplt-C09.html,https://nlftp.mlit.go.jp/ksj/gml/product_spec/KS-PS-C09-v3_1.pdf
S10a,港湾間流通量・海上経路データ,交通,商用可,商用可,https://nlftp.mlit.go.jp/ksj/other/agreement_02.html,https://nlftp.mlit.go.jp/ksj/gml/datalist/KsjTmplt-S10a-2016.html,https://nlftp.mlit.go.jp/ksj/gml/product_spec/KS-PS-S10a-v1_2.pdf
N09,定期旅客航路データ,交通,非商用,非商用,https://nlftp.mlit.go.jp/ksj/other/agreement_02.html,https://nlftp.mlit.go.jp/ksj/gml/datalist/KsjTmplt-N09.html,https://nlftp.mlit.go.jp/ksj/gml/product_spec/KS-PS-N09-v1_1.pdf
S05-a,交通流動量 パーソントリップ発生・集中量データ,交通,非商用,非商用,https://nlftp.mlit.go.jp/ksj/other/agreement_02.html,https://nlftp.mlit.go.jp/ksj/gml/datalist/KsjTmplt-S05-a-2013.html,https://nlftp.mlit.go.jp/ksj/gml/product_spec/KS-PS-S05-v2_2.pdf
S05-b,交通流動量 パーソントリップOD量データ,交通,非商用,非商用,https://nlftp.mlit.go.jp/ksj/other/agreement_02.html,https://nlftp.mlit.go.jp/ksj/gml/datalist/KsjTmplt-S05-b-2013.html,https://nlftp.mlit.go.jp/ksj/gml/product_spec/KS-PS-S05-v2_2.pdf
S05-d,交通流動量 貨物・旅客地域流動量データ,交通,商用可,商用可,https://nlftp.mlit.go.jp/ksj/other/agreement_02.html,https://nlftp.mlit.go.jp/ksj/gml/datalist/KsjTmplt-S05-d-2018.html,https://nlftp.mlit.go.jp/ksj/gml/product_spec/KS-PS-S05-v2_2.pdf
mesh1000r6,1kmメッシュ別将来推計人口データ（R6国政局推計）,各種統計,CC_BY_4.0,オープンデータ（CC_BY_4.0）,https://nlftp.mlit.go.jp/ksj/other/agreement_01.html,https://nlftp.mlit.go.jp/ksj/gml/datalist/KsjTmplt-mesh1000r6.html,https://nlftp.mlit.go.jp/ksj/gml/product_spec/KS-PS-r6_fpop_1km.pdf
mesh500r6,500mメッシュ別将来推計人口データ（R6国政局推計）,各種統計,CC_BY_4.0,オープンデータ（CC_BY_4.0）,https://nlftp.mlit.go.jp/ksj/other/agreement_01.html,https://nlftp.mlit.go.jp/ksj/gml/datalist/KsjTmplt-mesh500r6.html,https://nlftp.mlit.go.jp/ksj/gml/product_spec/KS-PS-r6_fpop_500.pdf
mesh250r6,250mメッシュ別将来推計人口データ（R6国政局推計）,各種統計,CC_BY_4.0,オープンデータ（CC_BY_4.0）,https://nlftp.mlit.go.jp/ksj/other/agreement_01.html,https://nlftp.mlit.go.jp/ksj/gml/datalist/KsjTmplt-mesh250r6.html,https://nlftp.mlit.go.jp/ksj/gml/product_spec/KS-PS-r6_fpop_250.pdf
mesh1000h30,1kmメッシュ別将来推計人口データ（H30国政局推計）（shape形式版）,各種統計,CC_BY_4.0,オープンデータ（CC_BY_4.0）,https://nlftp.mlit.go.jp/ksj/other/agreement_01.html,https://nlftp.mlit.go.jp/ksj/gml/datalist/KsjTmplt-mesh1000h30.html,
mesh500h30,500mメッシュ別将来推計人口データ（H30国政局推計）（shape形式版）,各種統計,CC_BY_4.0,オープンデータ（CC_BY_4.0）,https://nlftp.mlit.go.jp/ksj/other/agreement_01.html,https://nlftp.mlit.go.jp/ksj/gml/datalist/KsjTmplt-mesh500h30.html,
mesh1000,1kmメッシュ別将来推計人口データ（H29国政局推計）（shape形式版）,各種統計,CC_BY_4.0,オープンデータ（CC_BY_4.0）,https://nlftp.mlit.go.jp/ksj/other/agreement_01.html,https://nlftp.mlit.go.jp/ksj/gml/datalist/KsjTmplt-mesh1000.html,
mesh500,500mメッシュ別将来推計人口データ（H29国政局推計）（shape形式版）,各種統計,CC_BY_4.0,オープンデータ（CC_BY_4.0）,https://nlftp.mlit.go.jp/ksj/other/agreement_01.html,https://nlftp.mlit.go.jp/ksj/gml/datalist/KsjTmplt-mesh500.html,
